player_id,name,team,salary,age,impact_now,years_left,two_way
2544,LeBron James,PHI,3876529.0,41.0,3.13,1.0,False
201142,Kevin Durant,HOU,43902439.0,38.0,3.4,1.0,False
201143,Al Horford,GSW,6822000.0,40.0,1.74,1.0,False
201144,Mike Conley,BOS,2449421.0,38.0,0.98,1.0,False
201572,Brook Lopez,LAC,9187500.0,38.0,1.51,1.0,False
201599,DeAndre Jordan,NOP,3876529.0,38.0,1.11,1.0,False
201935,James Harden,CLE,30647619.0,37.0,3.4,1.0,False
201939,Stephen Curry,GSW,62587158.0,38.0,3.52,1.0,False
201942,DeMar DeRozan,DEN,2449421.0,37.0,2.49,1.0,False
201949,James Johnson,IND,,39.0,0.11,1.0,False
201950,Jrue Holiday,POR,34800000.0,36.0,2.51,1.2,False
202331,Paul George,BOS,54126380.0,36.0,2.76,1.2,False
202681,Kyrie Irving,DAL,39491282.0,34.0,3.44,1.5999999999999999,False
202691,Klay Thompson,MIA,23060317.0,36.0,1.71,1.2,False
202695,Kawhi Leonard,TOR,50300000.0,35.0,3.88,1.4,False
202696,Nikola Vučević,ORL,2449421.0,35.0,2.7,1.4,False
202699,Tobias Harris,SAS,15044000.0,34.0,2.15,1.5999999999999999,False
202710,Jimmy Butler III,GSW,56832773.0,37.0,2.97,1.0,False
203076,Anthony Davis,WAS,58456566.0,33.0,3.34,1.7999999999999998,False
203078,Bradley Beal,LAC,25807810.0,33.0,0.94,1.7999999999999998,False
203081,Damian Lillard,POR,35915403.0,36.0,3.59,1.2,False
203083,Andre Drummond,NYK,2449421.0,33.0,1.6,1.7999999999999998,False
203084,Harrison Barnes,SAS,8000000.0,34.0,1.56,1.5999999999999999,False
203110,Draymond Green,GSW,27678571.0,36.0,1.7,1.2,False
203114,Khris Middleton,WAS,5591122.0,35.0,1.52,1.4,False
203468,CJ McCollum,ATL,21000000.0,35.0,2.61,1.4,False
203471,Dennis Schröder,CHA,14809200.0,33.0,1.69,1.7999999999999998,False
203484,Kentavious Caldwell-Pope,PHI,20194392.0,33.0,1.33,1.7999999999999998,False
203497,Rudy Gobert,MIN,36500000.0,34.0,2.37,1.5999999999999999,False
203500,Steven Adams,HOU,13000000.0,33.0,1.5,1.7999999999999998,False
203501,Tim Hardaway Jr.,MIA,6500000.0,34.0,1.99,1.5999999999999999,False
203507,Giannis Antetokounmpo,MIA,58456566.0,31.0,3.84,2.2,False
203897,Zach LaVine,SAC,48967380.0,31.0,2.4,2.2,False
203901,Elfrid Payton,SAC,,32.0,1.02,2.0,False
203903,Jordan Clarkson,NYK,2449421.0,34.0,1.14,1.5999999999999999,False
203924,Jerami Grant,MEM,34206898.0,32.0,2.37,2.0,False
203932,Aaron Gordon,DEN,33658037.0,31.0,2.51,2.2,False
203935,Marcus Smart,HOU,6064000.0,32.0,1.55,2.0,False
203937,Kyle Anderson,TOR,2449421.0,33.0,1.25,1.7999999999999998,False
203939,Dwight Powell,DAL,,35.0,0.79,1.4,False
203944,Julius Randle,BKN,33333334.0,31.0,3.01,2.2,False
203952,Andrew Wiggins,MIA,30169644.0,31.0,2.4,2.2,False
203954,Joel Embiid,PHI,58100000.0,32.0,3.59,2.0,False
203991,Clint Capela,HOU,7035000.0,32.0,0.94,2.0,False
203992,Bogdan Bogdanović,HOU,2449421.0,34.0,1.17,1.5999999999999999,False
203994,Jusuf Nurkić,UTA,10576923.0,32.0,2.35,2.0,False
203999,Nikola Jokić,DEN,59033114.0,31.0,4.78,2.2,False
204001,Kristaps Porziņģis,GSW,19512195.0,31.0,2.53,2.2,False
204456,T.J. McConnell,IND,11000000.0,34.0,1.6,1.5999999999999999,False
1626145,Tyus Jones,DEN,2449421.0,30.0,0.69,2.4,False
1626157,Karl-Anthony Towns,NYK,57078728.0,30.0,3.29,2.4,False
1626162,Kelly Oubre Jr.,IND,8050000.0,30.0,2.15,2.4,False
1626164,Devin Booker,PHX,57078728.0,29.0,3.28,2.6,False
1626167,Myles Turner,MIL,26584164.0,30.0,2.07,2.4,False
1626168,Trey Lyles,MIN,2449421.0,30.0,1.32,2.4,False
1626171,Bobby Portis Jr.,MIA,14521414.0,31.0,2.25,2.2,False
1626172,Kevon Looney,LAL,2449421.0,30.0,1.02,2.4,False
1626181,Norman Powell,CHI,21500000.0,33.0,2.79,1.7999999999999998,False
1626192,Pat Connaughton,CHA,3815861.0,33.0,0.47,1.7999999999999998,False
1626204,Larry Nance Jr.,IND,2449421.0,33.0,0.76,1.7999999999999998,False
1626209,Mario Hezonja,CLE,2449421.0,31.0,,2.2,False
1626220,Royce O'Neale,CHA,10875000.0,33.0,1.89,1.7999999999999998,False
1627732,Ben Simmons,SAC,2449421.0,30.0,1.25,2.4,False
1627734,Domantas Sabonis,SAC,45472000.0,30.0,2.73,2.4,False
1627739,Kris Dunn,LAC,5684800.0,32.0,1.42,2.0,False
1627741,Buddy Hield,CHI,9658536.0,33.0,1.2,1.7999999999999998,False
1627742,Brandon Ingram,LAC,40000000.0,29.0,2.93,2.6,False
1627746,Skal Labissiere,WAS,,30.0,0.9,2.4,False
1627747,Caris LeVert,MIL,14809200.0,32.0,1.19,2.0,False
1627749,Dejounte Murray,NOP,32785071.0,30.0,2.49,2.4,False
1627750,Jamal Murray,DEN,50105628.0,29.0,3.69,2.6,False
1627751,Jakob Poeltl,TOR,19500000.0,30.0,1.89,2.4,False
1627752,Taurean Prince,DET,3815861.0,32.0,1.48,2.0,False
1627759,Jaylen Brown,PHI,57078728.0,29.0,3.69,2.6,False
1627777,Georges Niang,GSW,2449421.0,33.0,1.54,1.7999999999999998,False
1627780,Gary Payton II,GSW,2449421.0,33.0,1.29,1.7999999999999998,False
1627783,Pascal Siakam,IND,48924624.0,32.0,3.32,2.0,False
1627826,Ivica Zubac,IND,20342140.0,29.0,2.45,2.6,False
1627827,Dorian Finney-Smith,ATL,13335000.0,33.0,0.69,1.7999999999999998,False
1627832,Fred VanVleet,HOU,25000000.0,32.0,2.51,2.0,False
1627884,Derrick Jones Jr.,LAC,10476190.0,29.0,1.64,2.6,False
1627936,Alex Caruso,OKC,19550160.0,32.0,1.17,2.0,False
1628368,De'Aaron Fox,SAS,49800000.0,28.0,2.73,2.8,False
1628369,Jayson Tatum,BOS,58456566.0,28.0,3.68,2.8,False
1628370,Malik Monk,SAC,20190035.0,28.0,1.74,2.8,False
1628371,Jonathan Isaac,ORL,10449421.0,29.0,0.6,2.6,False
1628374,Lauri Markkanen,UTA,46113154.0,29.0,3.69,2.6,False
1628378,Donovan Mitchell,CLE,50105628.0,30.0,3.75,2.4,False
1628379,Luke Kennard,PHX,6064000.0,30.0,1.36,2.4,False
1628380,Zach Collins,CHI,8292683.0,28.0,1.63,2.8,False
1628381,John Collins,DET,17000000.0,29.0,2.0,2.6,False
1628384,OG Anunoby,NYK,42500000.0,29.0,2.51,2.6,False
1628386,Jarrett Allen,CLE,28000000.0,28.0,2.49,2.8,False
1628389,Bam Adebayo,MIA,49800000.0,29.0,3.37,2.6,False
1628392,Isaiah Hartenstein,OKC,23148148.0,28.0,2.05,2.8,False
1628396,Tony Bradley,NYK,,28.0,0.68,2.8,False
1628398,Kyle Kuzma,MIL,20345152.0,31.0,1.91,2.2,False
1628401,Derrick White,BOS,30348000.0,32.0,2.8,2.0,False
1628404,Josh Hart,NYK,20923760.0,31.0,2.33,2.2,False
1628415,Dillon Brooks,PHX,19992727.0,30.0,2.55,2.4,False
1628418,Thomas Bryant,CLE,2449421.0,29.0,1.07,2.6,False
1628436,Luke Kornet,SAS,10450000.0,31.0,1.52,2.2,False
1628960,Grayson Allen,CHA,18125000.0,30.0,2.49,2.4,False
1628963,Marvin Bagley III,DEN,2449421.0,27.0,1.76,3.0,False
1628964,Mo Bamba,UTA,3286399.0,28.0,0.81,2.8,False
1628969,Mikal Bridges,NYK,33482145.0,30.0,2.39,2.4,False
1628970,Miles Bridges,PHX,22826087.0,28.0,2.62,2.8,False
1628971,Bruce Brown,NYK,2449421.0,30.0,1.36,2.4,False
1628973,Jalen Brunson,NYK,37739521.0,30.0,3.48,2.4,False
1628975,Jevon Carter,ORL,2449421.0,31.0,1.08,2.2,False
1628976,Wendell Carter Jr.,ORL,18102000.0,27.0,2.09,3.0,False
1628978,Donte DiVincenzo,MIN,12535000.0,29.0,2.2,2.6,False
1628983,Shai Gilgeous-Alexander,OKC,40806150.0,28.0,4.15,2.8,False
1628989,Kevin Huerter,DET,8333333.0,28.0,1.69,2.8,False
1628991,Jaren Jackson Jr.,UTA,49000000.0,27.0,2.7,3.0,False
1628995,Kevin Knox II,ORL,,27.0,0.5,3.0,False
1628997,Caleb Martin,DAL,10001493.0,31.0,0.77,2.2,False
1629001,De'Anthony Melton,GSW,5477000.0,28.0,1.78,2.8,False
1629004,Svi Mykhailiuk,UTA,3850000.0,29.0,1.48,2.6,False
1629006,Josh Okogie,UTA,6000000.0,28.0,0.88,2.8,False
1629008,Michael Porter Jr.,BKN,40806150.0,28.0,3.45,2.8,False
1629011,Mitchell Robinson,BOS,15044000.0,28.0,1.61,2.8,False
1629012,Collin Sexton,LAL,9366000.0,27.0,1.96,3.0,False
1629013,Landry Shamet,NYK,5357143.0,29.0,1.41,2.6,False
1629014,Anfernee Simons,PHI,6000000.0,27.0,2.01,3.0,False
1629015,Zhaire Smith,OKC,,27.0,,3.0,False
1629018,Gary Trent Jr.,MIL,15200000.0,27.0,1.15,3.0,False
1629020,Jarred Vanderbilt,LAL,12428571.0,27.0,0.99,3.0,False
1629021,Moritz Wagner,BKN,9268293.0,29.0,1.1,2.6,False
1629022,Lonnie Walker IV,DEN,3286399.0,27.0,1.86,3.0,False
1629023,P.J. Washington,DAL,19813044.0,28.0,2.31,2.8,False
1629026,Kenrich Williams,OKC,5000000.0,31.0,1.12,2.2,False
1629027,Trae Young,WAS,49488300.0,28.0,2.55,2.8,False
1629028,Deandre Ayton,WAS,8104000.0,28.0,2.05,2.8,False
1629029,Luka Dončić,LAL,49800000.0,27.0,4.76,3.0,False
1629048,Goga Bitadze,ORL,7608696.0,27.0,1.24,3.0,False
1629057,Robert Williams III,POR,13968254.0,28.0,1.54,2.8,False
1629060,Rui Hachimura,LAC,14000000.0,28.0,1.7,2.8,False
1629111,Jock Landale,ATL,14100000.0,30.0,1.83,2.4,False
1629130,Duncan Robinson,DET,15992957.0,32.0,1.94,2.0,False
1629162,Jordan McLaughlin,SAS,2449421.0,30.0,0.39,2.4,False
1629234,Drew Eubanks,NYK,2449421.0,29.0,0.83,2.6,False
1629312,Haywood Highsmith,PHX,3449421.0,29.0,1.0,2.6,False
1629605,Tacko Fall,PHI,1357763.0,30.0,,2.4,False
1629611,Terance Mann,BKN,15500000.0,29.0,1.3,2.6,False
1629614,Andrew Nembhard,IND,19550160.0,26.0,2.55,2.8,False
1629618,Jalen Pickett,LAC,,26.0,0.98,2.8,True
1629622,Max Strus,LAC,16660836.0,30.0,2.01,2.4,False
1629627,Zion Williamson,NOP,42166510.0,26.0,2.74,2.8,False
1629628,RJ Barrett,TOR,29616071.0,26.0,2.72,2.8,False
1629630,Ja Morant,POR,42166510.0,27.0,2.6,3.0,False
1629631,De'Andre Hunter,SAC,24910714.0,28.0,1.89,2.8,False
1629632,Coby White,CHA,22839506.0,26.0,2.25,2.8,False
1629636,Darius Garland,LAC,42166510.0,26.0,2.6,2.8,False
1629637,Jaxson Hayes,UTA,6000000.0,26.0,1.27,2.8,False
1629638,Nickeil Alexander-Walker,ATL,14403710.0,28.0,2.87,2.8,False
1629639,Tyler Herro,MIL,33000000.0,26.0,2.92,2.8,False
1629640,Keldon Johnson,SAS,17500000.0,26.0,2.01,2.8,False
1629645,Kevin Porter Jr.,MIL,5390700.0,26.0,2.81,2.8,False
1629646,Charles Bassey,GSW,2449421.0,25.0,1.08,2.6,False
1629651,Nic Claxton,CHI,23147727.0,27.0,2.13,3.0,False
1629652,Luguentz Dort,ATL,18222222.0,27.0,1.47,3.0,False
1629655,Daniel Gafford,DAL,17263584.0,28.0,1.74,2.8,False
1629656,Quentin Grimes,LAL,13953489.0,26.0,1.97,2.8,False
1629660,Ty Jerome,MEM,9220050.0,29.0,2.88,2.6,False
1629661,Cameron Johnson,DEN,23062500.0,30.0,1.97,2.4,False
1629673,Jordan Poole,NOP,34044642.0,27.0,1.84,3.0,False
1629674,Neemias Queta,BOS,2667944.0,27.0,2.04,3.0,False
1629675,Naz Reid,CHA,23275862.0,27.0,2.29,3.0,False
1629680,Matisse Thybulle,LAL,2449421.0,29.0,1.06,2.6,False
1629684,Grant Williams,CHA,14265750.0,27.0,1.31,3.0,False
1629731,Dean Wade,PHI,9000000.0,29.0,1.32,2.6,False
1629750,Javonte Green,DET,3943679.0,33.0,1.2,1.7999999999999998,False
1630162,Anthony Edwards,MIN,48924624.0,25.0,3.73,2.6,False
1630163,LaMelo Ball,MIN,40770520.0,25.0,3.17,2.6,False
1630164,James Wiseman,NYK,2449421.0,25.0,0.38,2.6,False
1630166,Deni Avdija,POR,13125000.0,25.0,3.35,2.6,False
1630167,Obi Toppin,IND,15000000.0,28.0,1.79,2.8,False
1630168,Onyeka Okongwu,ATL,16120000.0,25.0,2.66,2.6,False
1630169,Tyrese Haliburton,IND,48924624.0,26.0,3.32,2.8,False
1630170,Devin Vassell,SAS,27000000.0,26.0,2.24,2.8,False
1630171,Isaac Okoro,CHI,11814814.0,25.0,1.46,2.6,False
1630172,Patrick Williams,CHI,18000000.0,25.0,1.19,2.6,False
1630173,Precious Achiuwa,SAC,5477000.0,27.0,1.84,3.0,False
1630174,Aaron Nesmith,IND,11000000.0,26.0,2.05,2.8,False
1630178,Tyrese Maxey,PHI,40770520.0,25.0,4.0,2.6,False
1630180,Saddiq Bey,NOP,6440678.0,27.0,2.71,3.0,False
1630182,Josh Green,UTA,14679012.0,25.0,0.74,2.6,False
1630183,Jaden McDaniels,MIN,26200001.0,26.0,2.16,2.8,False
1630188,Jalen Smith,CHI,9428571.0,26.0,1.89,2.8,False
1630191,Isaiah Stewart,MEM,15000000.0,25.0,1.63,2.6,False
1630192,Zeke Nnaji,DEN,7466667.0,25.0,0.7,2.6,False
1630193,Immanuel Quickley,TOR,32500000.0,27.0,2.72,3.0,False
1630194,Paul Reed,DET,5602689.0,27.0,1.37,3.0,False
1630198,Isaiah Joe,DET,11323006.0,27.0,1.71,3.0,False
1630200,Tre Jones,CHI,8000000.0,26.0,2.18,2.8,False
1630202,Payton Pritchard,BOS,7767857.0,28.0,2.68,2.8,False
1630208,Nick Richards,MIA,2449421.0,28.0,0.98,2.8,False
1630217,Desmond Bane,ORL,39446090.0,28.0,2.78,2.8,False
1630224,Jalen Green,PHX,36251166.0,24.0,2.32,2.4,False
1630228,Jonathan Kuminga,MIN,6064000.0,24.0,1.82,2.4,False
1630230,Naji Marshall,DAL,9428571.0,28.0,2.2,2.8,False
1630231,KJ Martin,MIN,,25.0,1.04,2.6,False
1630241,Sam Merrill,CLE,9160715.0,30.0,1.99,2.4,False
1630245,Ayo Dosunmu,MIN,19310345.0,26.0,2.19,2.8,False
1630249,Vít Krejčí,POR,2667944.0,26.0,1.41,2.8,False
1630256,Jae'Sean Tate,HOU,2449421.0,30.0,0.48,2.4,False
1630264,Anthony Gill,WAS,2449421.0,33.0,0.99,1.7999999999999998,False
1630311,Pat Spencer,PHX,,30.0,1.22,2.4,True
1630314,Brandon Williams,GSW,2449421.0,26.0,1.77,2.8,False
1630527,Brandon Boston,CHI,,24.0,1.64,2.4,False
1630529,Herbert Jones,NOP,14898786.0,28.0,1.6,2.8,False
1630530,Trey Murphy III,NOP,27000000.0,26.0,3.25,2.8,False
1630532,Franz Wagner,ORL,41754690.0,25.0,2.83,2.6,False
1630533,Ziaire Williams,LAL,2449421.0,25.0,1.48,2.6,False
1630534,Ochai Agbaji,NYK,2449421.0,26.0,0.84,2.8,False
1630538,Bones Hyland,MIN,2845883.0,26.0,1.33,2.8,False
1630540,Miles McBride,NYK,3956523.0,26.0,1.92,2.8,False
1630541,Moses Moody,GSW,12500000.0,24.0,1.91,2.4,False
1630543,Isaiah Jackson,LAC,7000000.0,24.0,1.23,2.4,False
1630544,Tre Mann,WAS,8000000.0,25.0,0.83,2.6,False
1630545,Terrence Shannon Jr,MIN,2801640.0,26.0,0.74,2.8,False
1630549,Day'Ron Sharpe,BKN,10000000.0,24.0,1.59,2.4,False
1630551,Justin Champagnie,WAS,2667944.0,25.0,1.64,2.6,False
1630552,Jalen Johnson,ATL,30000000.0,24.0,3.72,2.4,False
1630557,Corey Kispert,ATL,13975000.0,27.0,1.35,3.0,False
1630558,Davion Mitchell,MIA,12400000.0,28.0,1.8,2.8,False
1630559,Austin Reaves,LAL,41240250.0,28.0,3.13,2.8,False
1630567,Scottie Barnes,TOR,41754690.0,25.0,3.01,2.6,False
1630568,Luka Garza,BOS,2801346.0,27.0,1.34,3.0,False
1630570,Trendon Watford,NOP,2449421.0,25.0,1.08,2.6,False
1630572,Sandro Mamukelashvili,LAL,13000000.0,27.0,1.91,3.0,False
1630573,Sam Hauser,BOS,10848215.0,28.0,1.7,2.8,False
1630574,Ariel Hukporti,PHI,3400000.0,24.0,0.51,2.4,False
1630577,Julian Champagnie,SAS,13888889.0,25.0,2.05,2.6,False
1630578,Alperen Sengun,HOU,35642202.0,24.0,3.2,2.4,False
1630579,Jericho Sims,MIL,2801346.0,27.0,1.05,3.0,False
1630581,Josh Giddey,CHI,25000000.0,23.0,3.06,2.2,False
1630583,Santi Aldama,DAL,17007043.0,25.0,2.42,2.6,False
1630590,Scotty Pippen Jr.,MEM,2461462.0,25.0,1.62,2.6,False
1630591,Jalen Suggs,ORL,32400000.0,25.0,2.24,2.6,False
1630592,Jalen Wilson,ATL,,25.0,0.94,2.6,True
1630595,Cade Cunningham,DET,50105628.0,25.0,3.61,2.6,False
1630596,Evan Mobley,CLE,50105628.0,25.0,3.04,2.6,False
1630598,Aaron Wiggins,ATL,9224300.0,27.0,1.46,3.0,False
1630611,Gui Santos,GSW,4629630.0,24.0,1.47,2.4,False
1630619,Moussa Cisse,DAL,2185116.0,24.0,1.05,2.4,False
1630631,Jose Alvarado,NYK,4500000.0,28.0,1.37,2.8,False
1630643,Jay Huff,IND,2667944.0,29.0,1.71,2.6,False
1630658,Colin Castleton,ORL,,26.0,0.29,2.8,True
1630692,Jordan Goodwin,PHX,5864198.0,27.0,1.71,3.0,False
1630695,Micah Potter,POR,2801346.0,28.0,1.65,2.8,False
1630696,Dru Smith,MIA,2584539.0,28.0,1.13,2.8,False
1630700,Dyson Daniels,ATL,25000000.0,23.0,2.37,2.2,False
1630702,Jaden Hardy,LAL,6000000.0,24.0,1.17,2.4,False
1630703,Scoot Henderson,POR,13585523.0,22.0,1.89,2.0,False
1630762,Phillip Wheeler,PHX,,24.0,0.38,2.4,False
1631094,Paolo Banchero,ORL,41500000.0,23.0,3.21,2.2,False
1631095,Jabari Smith Jr.,HOU,23643411.0,23.0,2.57,2.2,False
1631096,Chet Holmgren,OKC,41500000.0,24.0,2.83,2.4,False
1631097,Bennedict Mathurin,NOP,7804878.0,24.0,2.34,2.4,False
1631099,Keegan Murray,SAC,24137936.0,26.0,2.29,2.8,False
1631101,Shaedon Sharpe,POR,20089287.0,23.0,2.55,2.2,False
1631103,Malaki Branham,ORL,2537526.0,23.0,0.7,2.2,False
1631104,Blake Wesley,LAC,,23.0,0.71,2.2,False
1631105,Jalen Duren,DET,,22.0,2.98,2.0,False
1631106,Tari Eason,HOU,14051724.0,25.0,1.88,2.6,False
1631107,Nikola Jović,MIA,16200000.0,23.0,1.2,2.2,False
1631108,Max Christie,DAL,8285714.0,23.0,1.84,2.2,False
1631109,Mark Williams,PHX,11728395.0,24.0,2.03,2.4,False
1631110,Jeremy Sochan,POR,2449421.0,23.0,0.68,2.2,False
1631113,Kennedy Chandler,PHX,,24.0,2.35,2.4,False
1631114,Jalen Williams,OKC,41500000.0,25.0,2.56,2.6,False
1631115,Orlando Robinson,CHI,,26.0,0.42,2.8,False
1631117,Walker Kessler,LAL,30232558.0,25.0,2.62,2.6,False
1631119,Jaylin Williams,OKC,7774648.0,24.0,1.57,2.4,False
1631120,JD Davison,ORL,2625627.0,24.0,0.51,2.4,False
1631121,Bryce McGowens,NOP,2584539.0,23.0,1.26,2.2,False
1631123,Jamaree Bouyea,PHX,2584539.0,27.0,0.93,3.0,False
1631124,Julian Strawther,DEN,4826931.0,24.0,1.06,2.4,False
1631126,Caleb Love,PHI,,25.0,1.52,2.6,True
1631127,Harrison Ingram,UTA,2449421.0,23.0,0.2,2.2,False
1631128,Christian Braun,DEN,21551726.0,25.0,1.95,2.6,False
1631131,Oscar Tshiebwe,HOU,2537526.0,26.0,1.48,2.8,False
1631132,Christian Koloko,NOP,2625627.0,26.0,0.66,2.8,False
1631133,Jabari Walker,PHI,2584539.0,24.0,0.81,2.4,False
1631157,Ryan Rollins,MIL,4000000.0,24.0,2.65,2.4,False
1631159,Leonard Miller,CHI,2406205.0,22.0,1.24,2.0,False
1631165,Keon Ellis,BKN,8780488.0,26.0,1.15,2.8,False
1631166,Drew Timme,MIN,,26.0,0.51,2.8,False
1631169,Josh Minott,BKN,4500000.0,23.0,1.24,2.2,False
1631170,Jaime Jaquez Jr.,MIL,5939141.0,25.0,2.29,2.6,False
1631172,Ousmane Dieng,MIL,5750000.0,23.0,1.24,2.2,False
1631199,Ron Harper Jr.,BOS,3150752.0,26.0,0.77,2.8,False
1631200,Kris Murray,MEM,5315004.0,26.0,1.11,2.8,False
1631204,Marcus Sasser,DAL,5198983.0,26.0,0.84,2.8,False
1631207,Dalen Terry,GSW,1357763.0,24.0,0.73,2.4,False
1631211,Trevor Keels,WAS,,23.0,0.17,2.2,False
1631212,Peyton Watson,CLE,20465116.0,24.0,2.17,2.4,False
1631215,Khalifa Diop,CLE,1357763.0,24.0,1.139,2.4,False
1631216,Caleb Houstan,NOP,2625627.0,23.0,0.35,2.2,False
1631217,Moussa Diabaté,CHA,2461462.0,24.0,1.83,2.4,False
1631218,Trayce Jackson-Davis,TOR,2406205.0,26.0,0.68,2.8,False
1631219,John Butler Jr.,MIL,2449421.0,23.0,,2.2,False
1631221,Collin Gillespie,PHX,10714286.0,27.0,2.25,3.0,False
1631222,Jake LaRavia,LAL,6000000.0,24.0,1.46,2.4,False
1631230,Dominick Barlow,PHI,3415000.0,23.0,1.4,2.2,False
1631243,Mouhamed Gueye,ATL,2406205.0,23.0,0.99,2.2,False
1631245,Quenton Jackson,IND,,28.0,1.33,2.8,False
1631248,Baylor Scheierman,BOS,2744040.0,26.0,1.12,2.8,False
1631250,Pete Nance,MIL,2537526.0,26.0,0.96,2.8,False
1631255,Karlo Matković,NOP,2296271.0,25.0,1.11,2.6,False
1631260,AJ Green,MIL,10044644.0,27.0,1.66,3.0,False
1631288,Jamal Cain,ORL,2584539.0,27.0,0.82,3.0,False
1631306,Cole Swider,LAL,,27.0,1.02,3.0,False
1631311,Lester Quinones,MIA,,25.0,0.91,2.6,False
1631321,Sidy Cissoko,POR,2497812.0,22.0,0.88,2.0,False
1631323,Simone Fontecchio,MIA,2449421.0,30.0,1.39,2.4,False
1631342,Daeqwon Plowden,SAC,2449421.0,28.0,1.63,2.8,False
1631399,Jon Elmore,SAS,,30.0,,2.4,False
1631457,Alex Morales,ORL,,28.0,0.18,2.8,True
1631474,Terrell Brown Jr.,UTA,,28.0,,2.8,False
1641705,Victor Wembanyama,SAS,16868246.0,22.0,4.08,2.0,False
1641706,Brandon Miller,CHA,15104626.0,23.0,2.82,2.2,False
1641707,Taylor Hendricks,MEM,7805900.0,22.0,1.28,2.0,False
1641708,Amen Thompson,HOU,12258609.0,23.0,2.9,2.2,False
1641709,Ausar Thompson,DET,11117925.0,23.0,1.87,2.2,False
1641710,Anthony Black,ORL,10106316.0,22.0,2.2,2.0,False
1641711,Gradey Dick,LAC,7131511.0,22.0,0.88,2.0,False
1641712,Rayan Rupert,PHI,,22.0,0.91,2.0,True
1641713,GG Jackson,MEM,2406205.0,21.0,1.79,1.7999999999999998,False
1641715,Cam Whitmore,DEN,1819437.0,22.0,1.28,2.0,True
1641716,Jarace Walker,IND,8478542.0,23.0,1.85,2.2,False
1641717,Cason Wallace,OKC,7420806.0,22.0,1.61,2.0,False
1641718,Keyonte George,UTA,6563925.0,22.0,3.11,2.0,False
1641723,Kobe Bufkin,NOP,2449421.0,23.0,0.43,2.2,False
1641724,Jett Howard,DAL,,23.0,0.87,2.2,True
1641725,Trey Alexander,UTA,,23.0,0.84,2.2,True
1641726,Dereck Lively II,DAL,7239131.0,22.0,1.09,2.0,False
1641729,Brice Sensabaugh,UTA,4862237.0,22.0,1.96,2.0,False
1641730,Noah Clowney,BKN,5414034.0,22.0,1.85,2.0,False
1641731,Bilal Coulibaly,WAS,9240012.0,22.0,1.93,2.0,False
1641736,Reece Beekman,WAS,,24.0,0.55,2.4,False
1641737,Adem Bona,PHI,2296271.0,23.0,0.96,2.2,False
1641738,Kobe Brown,IND,,26.0,0.98,2.8,True
1641739,Toumani Camara,POR,18080358.0,26.0,2.16,2.8,False
1641740,Jaylen Clark,MIN,3086420.0,24.0,0.71,2.4,False
1641744,Zach Edey,MEM,6332760.0,24.0,2.36,2.4,False
1641745,Adam Flagler,SAC,,26.0,0.33,2.8,True
1641746,Coleman Hawkins,DEN,,24.0,,2.4,False
1641747,DaRon Holmes II,DEN,3372120.0,24.0,0.57,2.4,False
1641750,Ryan Kalkbrenner,CHA,2411090.0,24.0,1.41,2.4,False
1641751,Arthur Kaluma,LAL,,24.0,,2.4,True
1641753,Chris Livingston,WAS,,22.0,0.46,2.0,False
1641754,Seth Lundy,DAL,,26.0,,2.8,False
1641755,Kevin McCullar Jr.,NYK,,25.0,0.43,2.6,True
1641757,Jordan Miller,LAC,5300000.0,26.0,1.47,2.8,False
1641759,Dillon Mitchell,BOS,,23.0,1.137,2.2,True
1641761,Grant Nelson,BKN,,24.0,0.67,2.4,True
1641763,Julian Phillips,HOU,2537526.0,22.0,0.47,2.0,False
1641764,Brandin Podziemski,GSW,5679459.0,23.0,2.26,2.2,False
1641765,Olivier-Maxence Prosper,MEM,3500172.0,24.0,1.48,2.4,False
1641767,Ben Sheppard,IND,5031669.0,25.0,1.27,2.6,False
1641771,Jalen Slawson,IND,,26.0,1.57,2.8,True
1641772,Nae'Qwan Tomlin,CLE,2411090.0,25.0,1.0,2.6,False
1641774,Tristan Vukcevic,WAS,,23.0,1.27,2.2,False
1641775,Jordan Walsh,BOS,2406205.0,22.0,1.11,2.0,False
1641778,Leaky Black,SAC,,27.0,1.48,3.0,False
1641779,Jalen Bridges,CHI,,25.0,0.09,2.6,False
1641783,Tristan da Silva,ORL,3991200.0,25.0,1.62,2.6,False
1641790,PJ Hall,CHA,,24.0,0.82,2.4,True
1641794,Dillon Jones,PHI,2449421.0,24.0,0.34,2.4,False
1641796,Pelle Larsson,MIA,2296271.0,25.0,1.73,2.6,False
1641798,Jaylen Martin,POR,,22.0,0.82,2.0,False
1641801,Emanuel Miller,DEN,,26.0,0.52,2.8,False
1641803,Tristen Newton,SAC,,25.0,1.8,2.6,False
1641807,Norchad Omier,MIN,,25.0,0.45,2.6,False
1641809,Drew Peterson,CHI,,26.0,0.33,2.8,False
1641810,Antonio Reeves,MIN,,25.0,0.44,2.6,False
1641824,Matas Buzelis,CHI,5715360.0,21.0,2.44,1.7999999999999998,False
1641842,Ronald Holland II,DET,9069600.0,21.0,1.31,1.7999999999999998,False
1641844,Tarik Biberovic,DAL,3000000.0,25.0,,2.6,False
1641854,Craig Porter Jr.,CLE,2406205.0,26.0,1.13,2.8,False
1641863,Dane Goodwin,DEN,,26.0,,2.8,False
1641868,Jake Stephens,MIL,,26.0,,2.8,False
1641869,Malachi Smith,TOR,,26.0,1.56,2.8,True
1641871,Duop Reath,PHX,,30.0,0.52,2.4,False
1641917,Taylor Funk,UTA,,28.0,,2.8,False
1641935,Jarkel Joiner,CHA,,27.0,,3.0,False
1641989,Elijah Harkless,DET,,26.0,1.19,2.8,True
1641998,Trey Jemison III,TOR,,26.0,0.15,2.8,True
1642013,Malik Williams,SAS,,28.0,,2.8,False
1642066,Myron Gardner,MIA,2150917.0,25.0,0.77,2.6,False
1642258,Zaccharie Risacher,DAL,13826040.0,21.0,1.55,1.7999999999999998,False
1642259,Alex Sarr,WAS,12370680.0,21.0,2.68,1.7999999999999998,False
1642260,Nikola Topić,OKC,5429760.0,21.0,0.76,1.7999999999999998,False
1642261,Dalton Knecht,LAL,4201080.0,25.0,0.63,2.6,False
1642262,Cody Williams,MIN,6015600.0,21.0,1.32,1.7999999999999998,False
1642263,Reed Sheppard,HOU,11108880.0,22.0,2.18,2.0,False
1642264,Stephon Castle,SAS,10015920.0,21.0,2.56,1.7999999999999998,False
1642266,Ja'Kobe Walter,TOR,3811800.0,22.0,1.3,2.0,False
1642267,Bub Carrington,WAS,4900560.0,21.0,1.7,1.7999999999999998,False
1642268,Isaiah Collier,UTA,2763960.0,21.0,1.83,1.7999999999999998,False
1642269,Devin Carter,BOS,7607501.0,24.0,1.4,2.4,False
1642270,Donovan Clingan,POR,7519920.0,22.0,2.68,2.0,False
1642271,Kyle Filipowski,UTA,3000000.0,22.0,2.04,2.0,False
1642272,Jared McCain,OKC,4422600.0,22.0,1.21,2.0,False
1642273,Kyshawn George,WAS,3108000.0,22.0,2.32,2.0,False
1642274,Yves Missi,NOP,3512760.0,22.0,1.3,2.0,False
1642275,Tidjane Salaün,CHA,8237880.0,21.0,1.09,1.7999999999999998,False
1642276,Kel'el Ware,MIL,4654920.0,22.0,2.23,2.0,False
1642277,Johnny Furphy,IND,2296271.0,21.0,1.06,1.7999999999999998,False
1642278,Tyler Kolek,NYK,2296271.0,25.0,0.81,2.6,False
1642281,Jaylon Tyson,CLE,3658560.0,23.0,2.07,2.2,False
1642284,Alex Karaban,SAC,2948280.0,23.0,,2.2,False
1642285,Cam Spencer,MEM,2411090.0,26.0,1.95,2.8,False
1642345,Oso Ighodaro,PHX,2296271.0,24.0,1.31,2.4,False
1642346,Ryan Dunn,PHX,2784240.0,23.0,1.2,2.2,False
1642347,Jamal Shead,TOR,2296271.0,24.0,1.3,2.4,False
1642348,Justin Edwards,PHI,2411090.0,22.0,0.96,2.0,False
1642349,Ajay Mitchell,OKC,2850000.0,24.0,2.03,2.4,False
1642350,Trevon Brazile,DEN,1357763.0,23.0,1.152,2.2,False
1642352,Keshad Johnson,MIA,,25.0,0.69,2.6,True
1642353,Cam Christie,LAC,2296271.0,21.0,0.46,1.7999999999999998,False
1642355,Bronny James,LAL,2296271.0,21.0,0.45,1.7999999999999998,False
1642357,David Jones Garcia,SAS,,24.0,0.56,2.4,True
1642358,AJ Johnson,NOP,3237120.0,21.0,0.48,1.7999999999999998,False
1642359,Pacôme Dadiet,NYK,2983680.0,21.0,0.31,1.7999999999999998,False
1642363,Nique Clifford,SAC,3263400.0,24.0,1.4,2.4,False
1642364,Jamir Watkins,WAS,,25.0,1.35,2.6,True
1642366,Quinten Post,MEM,8285714.0,26.0,1.38,2.8,False
1642367,Jonathan Mogbo,SAC,,24.0,0.35,2.4,True
1642369,Michael Ajayi,CHA,,23.0,,2.2,True
1642377,Jaylen Wells,MEM,2296271.0,23.0,1.8,2.2,False
1642382,Branden Carlson,POR,2449421.0,27.0,1.02,3.0,False
1642383,Walter Clayton Jr.,MEM,4190520.0,23.0,1.24,2.2,False
1642384,Isaiah Crawford,HOU,2449421.0,24.0,0.34,2.4,False
1642389,Zyon Pullin,MIN,,25.0,0.62,2.6,True
1642391,Ugonna Onyenso,DET,,22.0,,2.0,True
1642392,Jameer Nelson Jr.,PHI,1357763.0,25.0,,2.6,False
1642394,Baba Miller,LAC,1705630.0,22.0,1.148,2.0,False
1642396,Blake Hinson,UTA,,26.0,1.77,2.8,True
1642400,Tristan Enaruna,CLE,,25.0,0.68,2.6,True
1642402,Enrique Freeman,MIN,,26.0,0.71,2.8,True
1642403,Isaac Jones,DET,,26.0,0.2,2.8,True
1642404,Chaz Lanier,DET,2150917.0,24.0,0.42,2.4,False
1642419,Jamison Battle,TOR,2296271.0,25.0,0.51,2.6,False
1642434,Riley Minix,CLE,,26.0,0.53,2.8,True
1642440,Gabe McGlothan,BOS,,27.0,,3.0,False
1642449,Tolu Smith,DET,2411090.0,26.0,0.74,2.8,False
1642450,Daniss Jenkins,DET,4000000.0,25.0,1.44,2.6,False
1642461,Spencer Jones,DEN,6000000.0,25.0,1.08,2.6,False
1642484,RayJ Dennis,ATL,,25.0,0.7,2.6,True
1642502,Malevy Leons,GSW,,27.0,0.65,3.0,True
1642504,Cormac Ryan,MIL,,27.0,1.93,3.0,True
1642530,Yuki Kawamura,LAC,2449421.0,25.0,0.73,2.6,False
1642578,John Ukomadu,DET,,24.0,,2.4,False
1642615,Tyreke Key,TOR,,27.0,,3.0,False
1642843,Cooper Flagg,DAL,14517480.0,19.0,3.07,1.4,False
1642844,Dylan Harper,SAS,12989040.0,20.0,1.83,1.5999999999999999,False
1642845,VJ Edgecombe,PHI,11663880.0,21.0,2.61,1.7999999999999998,False
1642846,Ace Bailey,UTA,9523080.0,20.0,2.02,1.5999999999999999,False
1642847,Jeremiah Fears,NOP,7896240.0,19.0,1.98,1.4,False
1642848,Tre Johnson,WAS,8649600.0,20.0,1.66,1.5999999999999999,False
1642849,Nolan Traore,BKN,4002000.0,20.0,1.22,1.5999999999999999,False
1642850,Thomas Sorber,OKC,4887720.0,20.0,1.509,1.5999999999999999,False
1642851,Kon Knueppel,CHA,10516560.0,21.0,2.75,1.7999999999999998,False
1642852,Derik Queen,NOP,5416080.0,21.0,2.01,1.7999999999999998,False
1642853,Rasheer Fleming,PHX,2150917.0,22.0,0.75,2.0,False
1642854,Asa Newell,ATL,3399480.0,21.0,0.84,1.7999999999999998,False
1642855,Noa Essengue,CHI,5701200.0,19.0,0.05,1.4,False
1642856,Egor Dëmin,BKN,7233720.0,20.0,1.69,1.5999999999999999,False
1642857,Kasparas Jakučionis,MIL,3841680.0,20.0,1.15,1.5999999999999999,False
1642859,Jase Richardson,ORL,3132360.0,20.0,0.66,1.5999999999999999,False
1642860,Will Riley,WAS,3688320.0,20.0,1.45,1.5999999999999999,False
1642862,Liam McNeeley,CHA,2902080.0,20.0,0.78,1.5999999999999999,False
1642863,Khaman Maluach,PHX,6316680.0,20.0,0.59,1.5999999999999999,False
1642864,Hugo González,BOS,2923560.0,20.0,0.82,1.5999999999999999,False
1642865,Yaxel Lendeborg,GSW,6096240.0,24.0,1.762,2.4,False
1642866,Joan Beringer,MIN,4411200.0,19.0,0.68,1.4,False
1642867,Collin Murray-Boyles,TOR,6649560.0,21.0,1.55,1.7999999999999998,False
1642868,Carter Bryant,SAS,5145360.0,20.0,0.76,1.5999999999999999,False
1642869,Noah Penda,ORL,2150917.0,21.0,0.81,1.7999999999999998,False
1642870,Milos Uzan,BOS,1357763.0,23.0,,2.2,False
1642873,Amari Williams,BOS,,24.0,0.33,2.4,True
1642874,Danny Wolf,BKN,2941440.0,22.0,1.57,2.0,False
1642875,Maxime Raynaud,SAC,2150917.0,23.0,2.01,2.2,False
1642876,Adou Thiero,LAL,2150917.0,22.0,0.3,2.0,False
1642877,Micah Peavy,MEM,2150917.0,25.0,0.79,2.6,False
1642878,Tyrese Proctor,CLE,2150917.0,22.0,0.8,2.0,False
1642879,Ben Saraf,BKN,3028560.0,20.0,0.98,1.5999999999999999,False
1642880,Kam Jones,MIL,,24.0,0.83,2.4,True
1642881,Bogoljub Marković,MIL,1357763.0,21.0,1.127,1.7999999999999998,False
1642882,Julian Reese,NOP,,23.0,2.11,2.2,True
1642883,Sion James,CHA,2411090.0,23.0,1.11,2.2,False
1642884,Vladislav Goldin,MIA,,25.0,0.18,2.6,True
1642885,Mohamed Diawara,NYK,2232143.0,21.0,0.6,1.7999999999999998,False
1642886,Koby Brea,PHX,,23.0,0.59,2.2,True
1642889,Labaron Philon,PHI,3597120.0,20.0,1.282,1.5999999999999999,False
1642892,Bennett Stirtz,OKC,4717320.0,23.0,,2.2,False
1642893,Alex Toohey,GSW,2185116.0,22.0,,2.0,False
1642905,Yang Hansen,POR,4643520.0,21.0,0.32,1.7999999999999998,False
1642907,Cedric Coward,MEM,6001080.0,23.0,2.14,2.2,False
1642910,John Tonje,POR,,25.0,0.46,2.6,True
1642911,Rocco Zikarsky,MIN,,20.0,0.66,1.5999999999999999,True
1642912,Isaiah Evans,MIN,1357763.0,20.0,,1.5999999999999999,False
1642914,Javon Small,MEM,,23.0,1.62,2.2,True
1642918,Alijah Martin,TOR,2185116.0,24.0,0.37,2.4,False
1642920,Kobe Sanders,LAC,2622139.0,24.0,1.08,2.4,False
1642923,Otega Oweh,OKC,,23.0,,2.2,True
1642924,Brice Williams,DET,,25.0,,2.6,False
1642926,Tamar Bates,UTA,,23.0,,2.2,True
1642927,Nate Bittle,TOR,1357763.0,23.0,,2.2,False
1642928,Dylan Cardwell,SAC,,24.0,1.47,2.4,False
1642930,R.J. Davis,SAS,,24.0,,2.4,False
1642933,Keshon Gilbert,ATL,,23.0,0.64,2.2,True
1642935,Chucky Hepburn,TOR,,23.0,0.1,2.2,True
1642937,Kobe Johnson,ATL,,23.0,,2.2,False
1642938,Curtis Jones,CLE,,25.0,0.56,2.6,False
1642939,Miles Kelly,GSW,,23.0,0.6,2.2,False
1642942,Jahmai Mashack,MEM,,23.0,1.01,2.2,True
1642948,Ryan Nembhard,DEN,2150917.0,23.0,1.25,2.2,True
1642949,Yanic Konan Niederhäuser,LAC,2880960.0,23.0,0.71,2.2,False
1642951,Sean Pedulla,HOU,,23.0,0.32,2.2,True
1642954,Will Richard,GSW,2150917.0,23.0,1.09,2.2,False
1642955,Kadary Richmond,CLE,,25.0,1.66,2.6,False
1642959,Chris Youngblood,POR,,24.0,0.38,2.4,True
1642962,Drake Powell,BKN,3540600.0,21.0,0.93,1.7999999999999998,False
1642964,Brooks Barnhizer,OKC,,24.0,0.43,2.4,True
1642967,John Poulakidas,DAL,,23.0,1.45,2.2,True
1643007,Taelon Peter,SAS,2185116.0,24.0,0.77,2.4,False
1643016,Bez Mbeng,MIA,2185116.0,23.0,1.6,2.2,False
1643018,LJ Cryer,GSW,,24.0,1.15,2.4,True
1643022,Jaden Akins,NYK,,23.0,,2.2,True
1643024,Chris Mañon,LAL,,24.0,0.28,2.4,True
1643047,CJ Huntley,PHX,,24.0,0.51,2.4,True
1643052,Chaney Johnson,BKN,,24.0,1.44,2.4,True
1643060,Hayden Gray,BOS,,23.0,0.7,2.2,False
1643091,Tyson Degenhart,TOR,,23.0,,2.2,False
1643113,Zack Austin,CLE,,25.0,,2.6,False
1643120,Dain Dainja,BKN,,24.0,,2.4,False
1643148,Saint Thomas,PHI,1357763.0,23.0,,2.2,False
1643257,Jayson Kent,POR,,24.0,0.36,2.4,True
1643265,Jonas Aidoo,UTA,,23.0,,2.2,False
1643407,AJ Dybantsa,WAS,14748000.0,19.0,3.36,1.4,False
1643408,Darryn Peterson,UTA,13195320.0,19.0,3.097,1.4,False
1643409,Cameron Boozer,MEM,11849760.0,19.0,2.865,1.4,False
1643410,Caleb Wilson,CHI,10683720.0,20.0,2.66,1.5999999999999999,False
1643411,Darius Acuff Jr.,SAC,8021640.0,19.0,2.178,1.4,False
1643412,Kingston Flemings,ATL,7348680.0,19.0,2.054,1.4,False
1643413,Keaton Wagler,LAC,9674760.0,19.0,2.479,1.4,False
1643414,Mikel Brown Jr.,BKN,8787000.0,20.0,2.319,1.5999999999999999,False
1643415,Brayden Burries,MIL,6417360.0,21.0,1.847,1.7999999999999998,False
1643416,Chris Cenac Jr.,BOS,2988120.0,19.0,1.207,1.4,False
1643417,Nate Ament,MIL,5502000.0,19.0,,1.4,False
1643418,Cameron Carr,LAL,3315360.0,21.0,,1.7999999999999998,False
1643419,Hannes Steinbach,CHA,5227200.0,20.0,1.561,1.5999999999999999,False
1643509,Meleek Thomas,CLE,1357763.0,20.0,1.156,1.5999999999999999,False
1643510,Karim Lopez,MEM,3746760.0,19.0,,1.4,False
1643512,Allen Graves,TOR,4065720.0,20.0,1.356,1.5999999999999999,False
1643515,Christian Anderson,CHA,4257480.0,20.0,1.388,1.5999999999999999,False
1643516,Morez Johnson Jr.,DAL,6754800.0,20.0,1.944,1.5999999999999999,False
1643517,Dailyn Swain,CHI,4965480.0,21.0,1.509,1.7999999999999998,False
1643519,Jayden Quaintance,SAS,3902760.0,19.0,1.328,1.4,False
1643520,Koa Peat,PHX,2926800.0,19.0,,1.4,False
1643530,Aday Mara,OKC,5791680.0,21.0,1.686,1.7999999999999998,False
1643536,Ebuka Okorie,DET,4481280.0,19.0,,1.4,False
1643538,Joshua Jefferson,BKN,2969520.0,22.0,,2.0,False
1643539,Henri Veesaar,ATL,1357763.0,22.0,,2.0,False
1643542,Tarris Reed Jr.,SAS,3076920.0,23.0,,2.2,False
1643544,Zuby Ejiofor,ATL,3453360.0,22.0,1.263,2.0,False
1643547,Sergio de Larrea,DAL,3182280.0,20.0,,1.5999999999999999,False
1643548,Tyler Bilodeau,BKN,,22.0,1.132,2.0,True
1643551,Ja'Kobi Gillespie,SAS,,22.0,1.133,2.0,True
1643552,Braden Smith,IND,,23.0,,2.2,True
1643553,Ryan Conwell,MIA,1357763.0,22.0,,2.0,False
1643555,Jaron Pierre Jr.,NOP,,24.0,1.122,2.4,True
1643558,Jaden Bradley,TOR,1357763.0,23.0,1.125,2.2,False
1643567,Emanuel Sharp,SAC,1357763.0,22.0,1.129,2.0,False
1643568,Nick Martinelli,LAC,,22.0,,2.0,True
1643570,Bruce Thornton,HOU,1357763.0,23.0,,2.2,False
1643573,Kylan Boswell,CHA,,21.0,,1.7999999999999998,True
1643575,Duke Miles,PHI,,24.0,,2.4,False
1643576,Maliq Brown,SAS,,22.0,1.13,2.0,True
1643588,Tobi Lawal,DAL,,23.0,1.126,2.2,True
1643589,Tyler Nickel,NYK,,23.0,1.127,2.2,True
1643590,Felix Okpara,WAS,,22.0,,2.0,True
1643591,Tobe Awaka,CHI,,22.0,,2.0,True
1643593,Izaiyah Nelson,ORL,,23.0,,2.2,True
1643595,Quadir Copeland,HOU,,23.0,,2.2,True
1643597,Robert McCray V,OKC,,24.0,,2.4,False
1643620,Tucker DeVries,BOS,1357763.0,23.0,,2.2,False
1643621,Tre Donaldson,MIA,,22.0,,2.0,True
1643624,Bryce Hopkins,DEN,,24.0,1.126,2.4,True
1643627,Keba Keita,IND,1357763.0,23.0,,2.2,False
1643630,Fletcher Loyer,LAC,,23.0,,2.2,False
1643633,Graham Ike,GSW,,24.0,,2.4,True
1643637,Jaylin Sellers,CHI,,23.0,,2.2,True
1643640,"Ernest Udeh, Jr.",CLE,,22.0,,2.0,True
1643717,Josh Dix,OKC,,22.0,,2.0,True
1643718,Nimari Burnett,TOR,,24.0,,2.4,False
1643721,Carson Cooper,MEM,,22.0,,2.0,True
1643723,Cameron Corhen,ATL,,22.0,,2.0,False
1643724,Isaac McKneely,ATL,,22.0,,2.0,False
1643727,J'Vonne Hadley,MIA,1357763.0,24.0,,2.4,False
1643738,Malik Dia,NOP,,22.0,,2.0,True
1643750,Ben Humrichous,BKN,,24.0,,2.4,False
1643754,Christoph Tilly,OKC,1357763.0,23.0,,2.2,False
1643758,AK Okereke,LAL,,23.0,,2.2,True
1643759,William Kyle,LAL,,22.0,,2.0,False
1643769,Wyatt Fricks,CHA,,23.0,,2.2,False
1643772,Rashaun Agee,CLE,,25.0,,2.6,False
1643792,Rienk Mast,IND,1357763.0,25.0,,2.6,False
1643808,Andrew Holifield,OKC,,22.0,,2.0,False
1643813,Alpha Diallo,DEN,,29.0,,2.6,False
1643867,Ian Schieffelin,MIA,,23.0,,2.2,False
