team,name,ovr,pot
ATL,Jalen Johnson,87,A-
ATL,Nickeil Alexander-Walker,83,B+
ATL,C.J. McCollum,83,A-
ATL,Dyson Daniels,81,A-
ATL,Onyeka Okongwu,81,B+
ATL,Luguentz Dort,78,B+
ATL,Aaron Wiggins,76,B
ATL,Jock Landale,75,B
ATL,Dorian Finney-Smith,74,B
ATL,Kingston Flemings,74,A-
ATL,Corey Kispert,73,B
ATL,Asa Newell,73,B+
ATL,Mouhamed Gueye,72,B-
ATL,Jalen Wilson,71,B-
ATL,Zuby Ejiofor,71,B+
ATL,Henri Veesaar,70,B
ATL,RayJ Dennis,69,B-
ATL,Keshon Gilbert,68,B-
BOS,Jayson Tatum,93,A+
BOS,Derrick White,83,A-
BOS,Paul George,82,A
BOS,Payton Pritchard,82,B+
BOS,Mitchell Robinson,80,B+
BOS,Neemias Queta,80,B+
BOS,Sam Hauser,76,B
BOS,Mike Conley,75,B+
BOS,Luka Garza,75,B
BOS,Baylor Scheierman,75,B
BOS,Hugo González,75,B+
BOS,Jordan Walsh,74,B
BOS,Ron Harper Jr.,71,B-
BOS,Chris Cenac Jr.,71,B+
BOS,Amari Williams,69,B
BOS,Dillon Mitchell,68,B
BKN,Michael Porter Jr.,85,A-
BKN,Julius Randle,83,A-
BKN,Keon Ellis,76,B+
BKN,Noah Clowney,76,B+
BKN,Nolan Traore,76,B+
BKN,Egor Dëmin,76,A-
BKN,Day’Ron Sharpe,75,B
BKN,Danny Wolf,75,B+
BKN,Terance Mann,74,B
BKN,Mikel Brown Jr.,74,A-
BKN,Josh Minott,74,B
BKN,Moritz Wagner,74,B
BKN,Ben Saraf,73,B+
BKN,Drake Powell,72,B+
BKN,Chaney Johnson,71,B-
BKN,Grant Nelson,70,B
BKN,Joshua Jefferson,70,B+
BKN,Tyler Bilodeau,69,B
CHA,Brandon Miller,85,A
CHA,Kon Knueppel,84,A-
CHA,Naz Reid,82,B+
CHA,Coby White,80,B+
CHA,Grayson Allen,80,B+
CHA,Moussa Diabaté,79,B
CHA,Ryan Kalkbrenner,79,B
CHA,Dennis Schroder,76,B+
CHA,Royce O’Neale,76,B
CHA,Sion James,74,B
CHA,Buddy Hield,74,B+
CHA,Grant Williams,74,B
CHA,Tidjane Salaün,73,B+
CHA,Liam McNeeley,71,B+
CHA,Pat Connaughton,71,B
CHA,Hannes Steinbach,71,B+
CHA,P.J. Hall,70,B
CHA,Christian Anderson,70,B+
CHA,Kylan Boswell,68,B-
CHA,Michael Ajayi,68,B
CHI,Norman Powell,84,B+
CHI,Josh Giddey,84,B+
CHI,Matas Buzelis,81,B+
CHI,Nicolas Claxton,80,A-
CHI,Tre Jones,79,B
CHI,Caleb Wilson,77,A
CHI,Jalen Smith,76,B
CHI,Zach Collins,75,B
CHI,Isaac Okoro,75,B
CHI,Patrick Williams,74,B+
CHI,Leonard Miller,74,B
CHI,Noa Essengue,72,B+
CHI,Dailyn Swain,71,B+
CHI,Tobe Awaka,68,B
CHI,Jaylin Sellers,68,B
CLE,Donovan Mitchell,93,A
CLE,James Harden,87,A
CLE,Evan Mobley,87,A+
CLE,Jarrett Allen,85,A-
CLE,Peyton Watson,79,B+
CLE,Sam Merrill,77,B
CLE,Jaylon Tyson,76,B+
CLE,Mario Hezonja,74,B
CLE,Thomas Bryant,74,B
CLE,Craig Porter Jr.,72,B
CLE,Nae’Qwan Tomlin,71,B-
CLE,Tyrese Proctor,71,B+
CLE,Meleek Thomas,70,B+
CLE,Ernest Udeh Jr.,68,B
CLE,Tristan Enaruna,68,B-
CLE,Riley Minix,68,B-
CLE,Khalifa Diop,68,B
DAL,Kyrie Irving,87,A
DAL,Cooper Flagg,87,A+
DAL,P.J. Washington,79,B+
DAL,Dereck Lively II,79,A-
DAL,Naji Marshall,79,B
DAL,Daniel Gafford,79,B+
DAL,Santi Aldama,78,B
DAL,Zaccharie Risacher,76,A-
DAL,Max Christie,75,B
DAL,Marcus Sasser,74,B+
DAL,Morez Johnson Jr.,73,A-
DAL,Dwight Powell,72,B
DAL,Caleb Martin,72,B
DAL,Jett Howard,71,B
DAL,Tarik Biberovic,71,B
DAL,Moussa Cisse,71,B-
DAL,John Poulakidas,70,B-
DAL,Sergio De Larrea,69,B+
DAL,Tobi Lawal,69,B+
DEN,Nikola Jokic,97,A+
DEN,Jamal Murray,89,A-
DEN,Aaron Gordon,83,B+
DEN,DeMar DeRozan,83,A-
DEN,Cameron Johnson,80,B+
DEN,Christian Braun,79,B+
DEN,Marvin Bagley III,76,B
DEN,Julian Strawther,75,B+
DEN,Tyus Jones,73,B
DEN,Cam Whitmore,73,B+
DEN,Lonnie Walker IV,72,B
DEN,Spencer Jones,72,B-
DEN,Ryan Nembhard,72,B-
DEN,Zeke Nnaji,71,B
DEN,DaRon Holmes II,71,B
DEN,Alpha Diallo,71,B
DEN,Trevon Brazile,69,B
DEN,Bryce Hopkins,68,B-
DET,Cade Cunningham,94,A
DET,Jalen Duren,85,A-
DET,Ausar Thompson,85,A-
DET,John Collins,79,B+
DET,Daniss Jenkins,79,B
DET,Duncan Robinson,79,B
DET,Isaiah Joe,78,B
DET,Paul Reed,77,B
DET,Kevin Huerter,75,B
DET,Ron Holland,75,B+
DET,Javonte Green,75,B
DET,Taurean Prince,74,B
DET,Ebuka Okorie,71,B+
DET,Isaac Jones,70,B
DET,Elijah Harkless,70,B-
DET,Ugonna Onyenso,69,B
DET,Tolu Smith,68,B-
DET,Chaz Lanier,68,B
GSW,Stephen Curry,93,A+
GSW,Jimmy Butler,85,A
GSW,Kristaps Porzingis,81,A-
GSW,Draymond Green,79,A-
GSW,Brandin Podziemski,79,B+
GSW,Gui Santos,78,B
GSW,Al Horford,77,B+
GSW,De’Anthony Melton,76,B
GSW,Moses Moody,76,B
GSW,Brandon Williams,76,B
GSW,Gary Payton II,75,B
GSW,Will Richard,74,B
GSW,Yaxel Lendeborg,73,B+
GSW,Charles Bassey,71,B
GSW,L.J. Cryer,71,B
GSW,Dalen Terry,71,B
GSW,Georges Niang,71,B-
GSW,Malevy Leons,69,B-
GSW,Graham Ike,68,B-
HOU,Kevin Durant,93,A+
HOU,Alperen Sengun,87,A-
HOU,Amen Thompson,86,A-
HOU,Jabari Smith Jr.,80,A-
HOU,Reed Sheppard,79,B+
HOU,Fred VanVleet,79,B+
HOU,Marcus Smart,79,B+
HOU,Tari Eason,78,B+
HOU,Steven Adams,74,B+
HOU,Clint Capela,74,A-
HOU,Bogdan Bogdanovic,73,B+
HOU,Jae’Sean Tate,72,B
HOU,Oscar Tshiebwe,71,B
HOU,Julian Phillips,71,B-
HOU,Bruce Thornton,70,B
HOU,Isaiah Crawford,68,B-
HOU,Sean Pedulla,68,B-
HOU,Quadir Copeland,68,B
IND,Tyrese Haliburton,90,A
IND,Pascal Siakam,87,A-
IND,Ivica Zubac,84,B+
IND,Andrew Nembhard,81,B+
IND,T.J. McConnell,79,B
IND,Kelly Oubre Jr.,79,B
IND,Aaron Nesmith,79,B
IND,Obi Toppin,78,B+
IND,Jarace Walker,78,B+
IND,Jay Huff,75,B
IND,Quenton Jackson,73,B-
IND,Ben Sheppard,73,B+
IND,Kobe Brown,73,B+
IND,Johnny Furphy,72,B+
IND,Larry Nance Jr.,71,B
IND,Jalen Slawson,71,B
IND,Braden Smith,70,B
LAC,Darius Garland,84,A-
LAC,Brandon Ingram,84,A-
LAC,Rui Hachimura,79,B+
LAC,Max Strus,78,B+
LAC,Derrick Jones Jr.,77,B
LAC,Brook Lopez,77,B+
LAC,Bradley Beal,76,A
LAC,Kris Dunn,75,B
LAC,Keaton Wagler,75,A-
LAC,Isaiah Jackson,74,B
LAC,Jordan Miller,74,B
LAC,Kobe Sanders,74,B
LAC,Gradey Dick,73,B+
LAC,Yanic Konan Niederhauser,73,B+
LAC,Jalen Pickett,73,B
LAC,Yuki Kawamura,70,B-
LAC,Cam Christie,70,B+
LAC,Baba Miller,69,B
LAC,Nick Martinelli,68,B
LAL,Luka Doncic,96,A+
LAL,Austin Reaves,88,A-
LAL,Walker Kessler,81,A-
LAL,Collin Sexton,79,B+
LAL,Quentin Grimes,78,B+
LAL,Jarred Vanderbilt,76,B
LAL,Sandro Mamukelashvili,76,B
LAL,Ziaire Williams,75,B
LAL,Jake LaRavia,75,B
LAL,Dalton Knecht,74,B+
LAL,Matisse Thybulle,74,B
LAL,Jaden Hardy,73,B+
LAL,Cameron Carr,72,B+
LAL,Kevon Looney,71,B
LAL,Bronny James Jr.,70,B+
LAL,Adou Thiero,70,B+
LAL,Chris Mañon,68,B
LAL,Arthur Kaluma,68,B-
LAL,AK Okereke,68,B-
MEM,Ty Jerome,80,B+
MEM,Cedric Coward,80,A-
MEM,Zach Edey,80,A-
MEM,Cameron Boozer,79,A
MEM,Jerami Grant,79,B+
MEM,Jaylen Wells,78,B+
MEM,Isaiah Stewart,77,B
MEM,G.G. Jackson,77,B+
MEM,Cam Spencer,76,B
MEM,Olivier-Maxence Prosper,75,B+
MEM,Scotty Pippen Jr.,75,B
MEM,Kris Murray,74,B+
MEM,Walter Clayton Jr.,74,B+
MEM,Javon Small,74,B
MEM,Quinten Post,73,B
MEM,Taylor Hendricks,73,B+
MEM,Jahmai Mashack,72,B
MEM,Karim Lopez,72,B+
MEM,Micah Peavy,71,B
MIA,Giannis Antetokounmpo,96,A+
MIA,Bam Adebayo,87,A-
MIA,Bobby Portis Jr.,80,B+
MIA,Andrew Wiggins,79,A-
MIA,Tim Hardaway Jr.,79,B
MIA,Pelle Larsson,78,B
MIA,Davion Mitchell,77,B+
MIA,Klay Thompson,76,A
MIA,Simone Fontecchio,74,B
MIA,Nikola Jovic,73,B
MIA,Dru Smith,73,B-
MIA,Nick Richards,73,B
MIA,Myron Gardner,72,B-
MIA,Keshad Johnson,70,B
MIA,Bez Mbeng,70,B-
MIA,Ryan Conwell,69,B+
MIA,Vladislav Goldin,68,B-
MIA,Tre Donaldson,68,B
MIL,Tyler Herro,85,A-
MIL,Ryan Rollins,80,B+
MIL,Kevin Porter Jr.,79,B
MIL,Myles Turner,79,B+
MIL,Kel’el Ware,79,B+
MIL,Caris LeVert,78,B+
MIL,Jaime Jaquez Jr.,78,B+
MIL,Kyle Kuzma,77,B+
MIL,Ousmane Dieng,76,B+
MIL,A.J. Green,74,B+
MIL,Kasparas Jakucionis,74,A-
MIL,Gary Trent Jr.,74,B+
MIL,Brayden Burries,73,A-
MIL,Jericho Sims,72,B
MIL,Kam Jones,72,B
MIL,Nate Ament,72,B+
MIL,Pete Nance,71,B
MIL,Cormac Ryan,70,B
MIL,Bogoljub Markovic,69,B+
MIN,Anthony Edwards,95,A+
MIN,LaMelo Ball,86,A
MIN,Jaden McDaniels,85,A-
MIN,Rudy Gobert,84,A-
MIN,Ayo Dosunmu,81,B+
MIN,Donte DiVincenzo,78,B
MIN,Terrence Shannon Jr.,75,B+
MIN,Trey Lyles,74,B
MIN,Bones Hyland,74,B+
MIN,Cody Williams,73,B+
MIN,Jonathan Kuminga,73,B+
MIN,Jaylen Clark,72,B+
MIN,Joan Beringer,72,B+
MIN,Isaiah Evans,70,B
MIN,Enrique Freeman,69,B
MIN,Zyon Pullin,68,B
MIN,Rocco Zikarsky,68,B
NOP,Zion Williamson,85,A
NOP,Trey Murphy III,85,A-
NOP,Dejounte Murray,82,A-
NOP,Saddiq Bey,80,B+
NOP,Jeremiah Fears,79,A-
NOP,Herbert Jones,79,B+
NOP,Derik Queen,79,A-
NOP,Bennedict Mathurin,79,B+
NOP,Yves Missi,75,B+
NOP,Jordan Poole,74,A-
NOP,Karlo Matkovic,74,B
NOP,DeAndre Jordan,74,B
NOP,Bryce McGowens,73,B
NOP,Trendon Watford,73,B
NOP,Julian Reese,73,B
NOP,Christian Koloko,71,B
NOP,Caleb Houstan,70,B
NOP,A.J. Johnson,70,B+
NOP,Kobe Bufkin,70,B+
NOP,Taj Gibson,70,B
NOP,Jaron Pierre Jr.,68,B
NOP,Malik Dia,68,B
NYK,Jalen Brunson,96,A+
NYK,Karl-Anthony Towns,93,A
NYK,OG Anunoby,88,A-
NYK,Mikal Bridges,84,A-
NYK,Josh Hart,82,B+
NYK,Miles McBride,78,B
NYK,Landry Shamet,77,B
NYK,Jose Alvarado,77,B
NYK,Andre Drummond,76,B+
NYK,Jordan Clarkson,76,B
NYK,Tyler Kolek,73,B
NYK,Mohamed Diawara,72,B
NYK,Kevin McCullar Jr.,70,B
NYK,Pacome Dadiet,69,B
NYK,Tyler Nickel,68,
OKC,Shai Gilgeous-Alexander,97,A+
OKC,Chet Holmgren,86,A
OKC,Jalen Williams,85,A
OKC,Isaiah Hartenstein,82,B+
OKC,Ajay Mitchell,82,B+
OKC,Alex Caruso,81,B+
OKC,Cason Wallace,81,B+
OKC,Jared McCain,78,A-
OKC,Jaylin Williams,77,B
OKC,Kenrich Williams,76,B
OKC,Aday Mara,73,B+
OKC,Nikola Topic,72,B+
OKC,Thomas Sorber,71,B+
OKC,Bennett Stirtz,70,B+
OKC,Brooks Barnhizer,69,B
OKC,Otega Oweh,69,B
OKC,Josh Dix,68,B
ORL,Paolo Banchero,87,A
ORL,Franz Wagner,85,A
ORL,Desmond Bane,84,B+
ORL,Jalen Suggs,80,A-
ORL,Anthony Black,80,B+
ORL,Wendell Carter Jr.,79,B+
ORL,Nikola Vucevic,78,B+
ORL,Tristan da Silva,76,B+
ORL,Goga Bitadze,74,B
ORL,Jevon Carter,73,B-
ORL,Noah Penda,73,B
ORL,Jonathan Isaac,72,B
ORL,Jamal Cain,72,B-
ORL,Jase Richardson,72,B+
ORL,Malaki Branham,70,B+
ORL,Colin Castleton,70,B-
ORL,Izaiyah Nelson,69,B+
ORL,Alex Morales,68,B-
PHI,Tyrese Maxey,92,A
PHI,Jaylen Brown,91,A
PHI,LeBron James,91,A+
PHI,Joel Embiid,91,A+
PHI,V.J. Edgecombe,83,A-
PHI,Anfernee Simons,79,B+
PHI,Dean Wade,76,B
PHI,Kentavious Caldwell-Pope,75,B
PHI,Adem Bona,75,B
PHI,Dominick Barlow,74,B-
PHI,Justin Edwards,74,B
PHI,Rayan Rupert,73,B
PHI,Caleb Love,73,B
PHI,Ariel Hukporti,72,B-
PHI,Jabari Walker,71,B
PHI,Labaron Philon Jr.,71,B+
PHX,Devin Booker,91,A+
PHX,Dillon Brooks,82,B+
PHX,Jalen Green,81,A-
PHX,Miles Bridges,80,B+
PHX,Collin Gillespie,79,B
PHX,Mark Williams,78,B+
PHX,Luke Kennard,75,B
PHX,Oso Ighodaro,75,B
PHX,Pat Spencer,75,B
PHX,Jordan Goodwin,75,B
PHX,Ryan Dunn,74,B+
PHX,Rasheer Fleming,73,B+
PHX,Khaman Maluach,73,A-
PHX,Jamaree Bouyea,71,B-
PHX,Haywood Highsmith,71,B
PHX,Koa Peat,71,B+
PHX,Koby Brea,68,B
PHX,CJ Huntley,68,B
POR,Deni Avdija,88,A-
POR,Damian Lillard,86,A
POR,Ja Morant,84,A+
POR,Jrue Holiday,82,A-
POR,Donovan Clingan,82,A-
POR,Shaedon Sharpe,81,A-
POR,Toumani Camara,80,B+
POR,Scoot Henderson,79,A-
POR,Robert Williams III,78,B+
POR,Vit Krejci,74,B-
POR,Sidy Cissoko,73,B
POR,Micah Potter,72,B
POR,Jeremy Sochan,71,B+
POR,Branden Carlson,71,B-
POR,Yang Hansen,70,B+
POR,John Tonje,69,B
POR,Chris Youngblood,68,B-
POR,Jayson Kent,68,B-
SAC,Domantas Sabonis,85,A-
SAC,Zach LaVine,82,A-
SAC,Malik Monk,79,B
SAC,Keegan Murray,79,A-
SAC,Maxime Raynaud,79,B
SAC,De’Andre Hunter,77,B
SAC,Precious Achiuwa,76,B
SAC,Nique Clifford,75,B+
SAC,Darius Acuff Jr.,75,A
SAC,Ben Simmons,74,B
SAC,Dylan Cardwell,74,B
SAC,Daeqwon Plowden,71,B-
SAC,Jonathan Mogbo,71,B+
SAC,Alex Karaban,71,B+
SAC,Emanuel Sharp,68,B
SAC,Adam Flagler,67,B-
SAS,Victor Wembanyama,97,A+
SAS,Stephon Castle,87,A-
SAS,Dylan Harper,85,A
SAS,De’Aaron Fox,84,A
SAS,Tobias Harris,81,B+
SAS,Devin Vassell,81,B+
SAS,Keldon Johnson,79,B+
SAS,Julian Champagnie,79,B
SAS,Luke Kornet,76,B
SAS,Harrison Barnes,76,B+
SAS,Carter Bryant,76,B+
SAS,Jordan McLaughlin,71,B
SAS,Tarris Reed Jr.,71,B+
SAS,David Jones-Garcia,70,B-
SAS,Jayden Quaintance,70,B+
SAS,Taelon Peter,70,B
SAS,Ja’Kobi Gillespie,69,B+
SAS,Maliq Brown,69,B
TOR,Kawhi Leonard,93,A+
TOR,Scottie Barnes,88,A
TOR,R.J. Barrett,82,A-
TOR,Immanuel Quickley,82,B+
TOR,Collin Murray-Boyles,80,B+
TOR,Jakob Poeltl,79,B
TOR,Jamal Shead,76,B
TOR,Ja’Kobe Walter,76,B+
TOR,Jamison Battle,74,B
TOR,Kyle Anderson,73,B
TOR,Trey Jemison III,71,B-
TOR,Trayce Jackson-Davis,71,B+
TOR,Andre Jackson Jr.,71,B
TOR,Allen Graves,71,B+
TOR,Alijah Martin,70,B
TOR,Malachi Smith,70,B-
TOR,Jaden Bradley,69,B
TOR,Chucky Hepburn,68,B
UTA,Jaren Jackson Jr.,86,A
UTA,Lauri Markkanen,86,A-
UTA,Keyonte George,84,B+
UTA,Isaiah Collier,80,B+
UTA,Brice Sensabaugh,79,B+
UTA,Darryn Peterson,79,A
UTA,Ace Bailey,79,A-
UTA,Kyle Filipowski,78,B+
UTA,Jusuf Nurkic,76,B+
UTA,Jaxson Hayes,76,B
UTA,Josh Okogie,74,B
UTA,Josh Green,73,B
UTA,Sviatoslav Mykhailiuk,73,B
UTA,Blake Hinson,71,B-
UTA,Mohamed Bamba,70,B
UTA,Harrison Ingram,69,B
UTA,Trey Alexander,68,B
UTA,Tamar Bates,68,B+
WAS,Anthony Davis,90,A
WAS,Trae Young,87,A
WAS,Alexandre Sarr,83,A-
WAS,Kyshawn George,80,B+
WAS,AJ Dybantsa,79,A
WAS,Deandre Ayton,78,B+
WAS,Bilal Coulibaly,78,A-
WAS,Tre Johnson,78,A-
WAS,Will Riley,78,B+
WAS,Khris Middleton,76,A-
WAS,Justin Champagnie,76,B
WAS,Carlton Carrington,76,B+
WAS,Tre Mann,73,B
WAS,Jamir Watkins,73,B
WAS,Tristan Vukcevic,72,B
WAS,Felix Okpara,69,B
