Player,Team,Salary
Stephen Curry,GSW,"$62,587,158"
Nikola Jokić,DEN,"$59,033,114"
Jayson Tatum,BOS,"$58,456,566"
Anthony Davis,WAS,"$58,456,566"
Giannis Antetokounmpo,MIA,"$58,456,566"
Joel Embiid,PHI,"$58,100,000"
Jaylen Brown,PHI,"$57,078,728"
Devin Booker,PHO,"$57,078,728"
Karl-Anthony Towns,NYK,"$57,078,728"
Jimmy Butler,GSW,"$56,832,773"
Paul George,BOS,"$54,126,380"
Kawhi Leonard,TOR,"$50,300,000"
Donovan Mitchell,CLE,"$50,105,628"
Cade Cunningham,DET,"$50,105,628"
Evan Mobley,CLE,"$50,105,628"
Jamal Murray,DEN,"$50,105,628"
De'Aaron Fox,SAS,"$49,800,000"
Bam Adebayo,MIA,"$49,800,000"
Luka Dončić,LAL,"$49,800,000"
Trae Young,WAS,"$49,488,300"
Jaren Jackson Jr.,UTA,"$49,000,000"
Zach LaVine,SAC,"$48,967,380"
Anthony Edwards,MIN,"$48,924,624"
Tyrese Haliburton,IND,"$48,924,624"
Pascal Siakam,IND,"$48,924,624"
Lauri Markkanen,UTA,"$46,113,154"
Domantas Sabonis,SAC,"$45,472,000"
Kevin Durant,HOU,"$43,902,439"
OG Anunoby,NYK,"$42,500,000"
Ja Morant,POR,"$42,166,510"
Zion Williamson,NOP,"$42,166,510"
Darius Garland,LAC,"$42,166,510"
Scottie Barnes,TOR,"$41,754,690"
Franz Wagner,ORL,"$41,754,690"
Jalen Williams,OKC,"$41,500,000"
Chet Holmgren,OKC,"$41,500,000"
Paolo Banchero,ORL,"$41,500,000"
Austin Reaves,LAL,"$41,240,250"
Shai Gilgeous-Alexander,OKC,"$40,806,150"
Michael Porter Jr.,BRK,"$40,806,150"
Tyrese Maxey,PHI,"$40,770,520"
LaMelo Ball,MIN,"$40,770,520"
Brandon Ingram,LAC,"$40,000,000"
Kyrie Irving,DAL,"$39,491,282"
Desmond Bane,ORL,"$39,446,090"
Jalen Brunson,NYK,"$37,739,521"
Rudy Gobert,MIN,"$36,500,000"
Jalen Green,PHO,"$36,251,166"
Alperen Şengün,HOU,"$35,642,202"
Jrue Holiday,POR,"$34,800,000"
Jerami Grant,MEM,"$34,206,898"
Jordan Poole,NOP,"$34,044,642"
Aaron Gordon,DEN,"$33,658,037"
Mikal Bridges,NYK,"$33,482,145"
Julius Randle,BRK,"$33,333,334"
Tyler Herro,MIL,"$33,000,000"
Dejounte Murray,NOP,"$32,785,071"
Immanuel Quickley,TOR,"$32,500,000"
Jalen Suggs,ORL,"$32,400,000"
James Harden,CLE,"$30,647,619"
Derrick White,BOS,"$30,348,000"
Walker Kessler,LAL,"$30,232,558"
Andrew Wiggins,MIA,"$30,169,644"
Jalen Johnson,ATL,"$30,000,000"
RJ Barrett,TOR,"$29,616,071"
Jarrett Allen,CLE,"$28,000,000"
Draymond Green,GSW,"$27,678,571"
Trey Murphy III,NOP,"$27,000,000"
Devin Vassell,SAS,"$27,000,000"
Myles Turner,MIL,"$26,584,164"
Jaden McDaniels,MIN,"$26,200,001"
Dyson Daniels,ATL,"$25,000,000"
Josh Giddey,CHI,"$25,000,000"
Fred VanVleet,HOU,"$25,000,000"
De'Andre Hunter,SAC,"$24,910,714"
Keegan Murray,SAC,"$24,137,936"
Jabari Smith Jr.,HOU,"$23,643,411"
Naz Reid,CHO,"$23,275,862"
Isaiah Hartenstein,OKC,"$23,148,148"
Nic Claxton,CHI,"$23,147,727"
Cameron Johnson,DEN,"$23,062,500"
Coby White,CHO,"$22,839,506"
Miles Bridges,PHO,"$22,826,087"
Damian Lillard,MIL,"$35,915,403"
Christian Braun,DEN,"$21,551,726"
Norman Powell,CHI,"$21,500,000"
CJ McCollum,ATL,"$21,000,000"
Josh Hart,NYK,"$20,923,760"
Peyton Watson,CLE,"$20,465,116"
Kyle Kuzma,MIL,"$20,345,152"
Ivica Zubac,IND,"$20,342,140"
Malik Monk,SAC,"$20,190,035"
Shaedon Sharpe,POR,"$20,089,287"
Dillon Brooks,PHO,"$19,992,727"
P.J. Washington,DAL,"$19,813,044"
Alex Caruso,OKC,"$19,550,160"
Andrew Nembhard,IND,"$19,550,160"
Kristaps Porziņģis,GSW,"$19,512,195"
Jakob Poeltl,TOR,"$19,500,000"
Bradley Beal,PHO,"$25,807,810"
Ayo Dosunmu,MIN,"$19,310,345"
Luguentz Dort,ATL,"$18,222,222"
Grayson Allen,CHO,"$18,125,000"
Wendell Carter Jr.,ORL,"$18,102,000"
Toumani Camara,POR,"$18,080,358"
Patrick Williams,CHI,"$18,000,000"
Kentavious Caldwell-Pope,MEM,"$20,194,392"
Keldon Johnson,SAS,"$17,500,000"
Klay Thompson,DAL,"$23,060,317"
Daniel Gafford,DAL,"$17,263,584"
Santi Aldama,DAL,"$17,007,043"
John Collins,DET,"$17,000,000"
Victor Wembanyama,SAS,"$16,868,246"
Max Strus,LAC,"$16,660,836"
Nikola Jović,MIA,"$16,200,000"
Onyeka Okongwu,ATL,"$16,120,000"
Duncan Robinson,DET,"$15,992,957"
Terance Mann,BRK,"$15,500,000"
Gary Trent Jr.,MIL,"$15,200,000"
Brandon Miller,CHO,"$15,104,626"
Mitchell Robinson,BOS,"$15,044,000"
Tobias Harris,SAS,"$15,044,000"
Obi Toppin,IND,"$15,000,000"
Isaiah Stewart,MEM,"$15,000,000"
Herbert Jones,NOP,"$14,898,786"
Caris LeVert,MIL,"$14,809,200"
Dennis Schröder,CHO,"$14,809,200"
AJ Dybantsa,WAS,"$14,748,000"
Josh Green,UTA,"$14,679,012"
Bobby Portis,MIA,"$14,521,414"
Cooper Flagg,DAL,"$14,517,480"
Nickeil Alexander-Walker,ATL,"$14,403,710"
Grant Williams,CHO,"$14,265,750"
Jock Landale,ATL,"$14,100,000"
Tari Eason,HOU,"$14,051,724"
Rui Hachimura,LAC,"$14,000,000"
Corey Kispert,ATL,"$13,975,000"
Robert Williams,POR,"$13,968,254"
Quentin Grimes,LAL,"$13,953,489"
Julian Champagnie,SAS,"$13,888,889"
Zaccharie Risacher,DAL,"$13,826,040"
Scoot Henderson,POR,"$13,585,523"
Damian Lillard,POR,"$35,915,403"
Dorian Finney-Smith,ATL,"$13,335,000"
Darryn Peterson,UTA,"$13,195,320"
Deni Avdija,POR,"$13,125,000"
Sandro Mamukelashvili,LAL,"$13,000,000"
Steven Adams,HOU,"$13,000,000"
Dylan Harper,SAS,"$12,989,040"
Donte DiVincenzo,MIN,"$12,535,000"
Moses Moody,GSW,"$12,500,000"
Jarred Vanderbilt,LAL,"$12,428,571"
Davion Mitchell,MIA,"$12,400,000"
Alex Sarr,WAS,"$12,370,680"
Amen Thompson,HOU,"$12,258,609"
Cameron Boozer,MEM,"$11,849,760"
Isaac Okoro,CHI,"$11,814,814"
Mark Williams,PHO,"$11,728,395"
VJ Edgecombe,PHI,"$11,663,880"
Isaiah Joe,DET,"$11,323,006"
Ausar Thompson,DET,"$11,117,925"
Reed Sheppard,HOU,"$11,108,880"
Aaron Nesmith,IND,"$11,000,000"
T.J. McConnell,IND,"$11,000,000"
Royce O'Neale,CHO,"$10,875,000"
Sam Hauser,BOS,"$10,848,215"
Collin Gillespie,PHO,"$10,714,286"
Caleb Wilson,CHI,"$10,683,720"
Jusuf Nurkić,UTA,"$10,576,923"
Kon Knueppel,CHO,"$10,516,560"
Derrick Jones Jr.,LAC,"$10,476,190"
Luke Kornet,SAS,"$10,450,000"
Anthony Black,ORL,"$10,106,316"
A.J. Green,MIL,"$10,044,644"
Stephon Castle,SAS,"$10,015,920"
Caleb Martin,DAL,"$10,001,493"
Day'Ron Sharpe,BRK,"$10,000,000"
Keaton Wagler,LAC,"$9,674,760"
Buddy Hield,CHI,"$9,658,536"
Ace Bailey,UTA,"$9,523,080"
Naji Marshall,DAL,"$9,428,571"
Jalen Smith,CHI,"$9,428,571"
Collin Sexton,LAL,"$9,366,000"
Moritz Wagner,BRK,"$9,268,293"
Bilal Coulibaly,WAS,"$9,240,012"
Aaron Wiggins,ATL,"$9,224,300"
Ty Jerome,MEM,"$9,220,050"
Brook Lopez,LAC,"$9,187,500"
Sam Merrill,CLE,"$9,160,715"
Ron Holland,DET,"$9,069,600"
Dean Wade,PHI,"$9,000,000"
Mikel Brown Jr.,BRK,"$8,787,000"
Keon Ellis,BRK,"$8,780,488"
Tre Johnson,WAS,"$8,649,600"
Jarace Walker,IND,"$8,478,542"
Kevin Huerter,DET,"$8,333,333"
Zach Collins,CHI,"$8,292,683"
Quinten Post,MEM,"$8,285,714"
Max Christie,DAL,"$8,285,714"
Tidjane Salaün,CHO,"$8,237,880"
Deandre Ayton,WAS,"$8,104,000"
Kelly Oubre Jr.,IND,"$8,050,000"
Darius Acuff Jr.,SAC,"$8,021,640"
Jonathan Isaac,ORL,"$10,449,421"
Tre Mann,WAS,"$8,000,000"
Harrison Barnes,SAS,"$8,000,000"
Tre Jones,CHI,"$8,000,000"
Jeremiah Fears,NOP,"$7,896,240"
Taylor Hendricks,MEM,"$7,805,900"
Bennedict Mathurin,NOP,"$7,804,878"
Jaylin Williams,OKC,"$7,774,648"
Payton Pritchard,BOS,"$7,767,857"
Goga Bitadze,ORL,"$7,608,696"
Donovan Clingan,POR,"$7,519,920"
Zeke Nnaji,DEN,"$7,466,667"
Cason Wallace,OKC,"$7,420,806"
Kingston Flemings,ATL,"$7,348,680"
Dereck Lively II,DAL,"$7,239,131"
Egor Dëmin,BRK,"$7,233,720"
Gradey Dick,LAC,"$7,131,511"
Clint Capela,HOU,"$7,035,000"
Jordan Hawkins,MEM,"$7,021,895"
Isaiah Jackson,LAC,"$7,000,000"
Rob Dillingham,CHO,"$6,889,320"
Al Horford,GSW,"$6,822,000"
Morez Johnson Jr.,DAL,"$6,754,800"
Collin Murray-Boyles,TOR,"$6,649,560"
Keyonte George,UTA,"$6,563,925"
Tim Hardaway Jr.,MIA,"$6,500,000"
Saddiq Bey,NOP,"$6,440,678"
Bradley Beal,LAC,"$25,807,810"
Brayden Burries,MIL,"$6,417,360"
Zach Edey,MEM,"$6,332,760"
Khaman Maluach,PHO,"$6,316,680"
Yaxel Lendeborg,GSW,"$6,096,240"
Luke Kennard,PHO,"$6,064,000"
Jonathan Kuminga,MIN,"$6,064,000"
Marcus Smart,HOU,"$6,064,000"
Cody Williams,MIN,"$6,015,600"
Cedric Coward,MEM,"$6,001,080"
Spencer Jones,DEN,"$6,000,000"
Jaxson Hayes,UTA,"$6,000,000"
Josh Okogie,UTA,"$6,000,000"
Anfernee Simons,PHI,"$6,000,000"
Jake LaRavia,LAL,"$6,000,000"
Jaden Hardy,LAL,"$6,000,000"
D'Angelo Russell,MEM,"$5,969,250"
Jaime Jaquez Jr.,MIL,"$5,939,141"
Nicolas Batum,LAC,"$5,881,680"
Jordan Goodwin,PHO,"$5,864,198"
Aday Mara,OKC,"$5,791,680"
Ousmane Dieng,MIL,"$5,750,000"
Matas Buzelis,CHI,"$5,715,360"
Noa Essengue,CHI,"$5,701,200"
Kris Dunn,LAC,"$5,684,800"
Brandin Podziemski,GSW,"$5,679,459"
Paul Reed,DET,"$5,602,689"
Klay Thompson,MIA,"$23,060,317"
Khris Middleton,WAS,"$5,591,122"
Nate Ament,MIL,"$5,502,000"
Precious Achiuwa,SAC,"$5,477,000"
De'Anthony Melton,GSW,"$5,477,000"
Nikola Topić,OKC,"$5,429,760"
Derik Queen,NOP,"$5,416,080"
Noah Clowney,BRK,"$5,414,034"
Kevin Porter Jr.,MIL,"$5,390,700"
Landry Shamet,NYK,"$5,357,143"
Kris Murray,MEM,"$5,315,004"
Jordan Miller,LAC,"$5,300,000"
Hannes Steinbach,CHO,"$5,227,200"
Marcus Sasser,DAL,"$5,198,983"
Devin Carter,ATL,"$7,607,501"
Carter Bryant,SAS,"$5,145,360"
Ben Sheppard,IND,"$5,031,669"
Kenrich Williams,OKC,"$5,000,000"
Dailyn Swain,CHI,"$4,965,480"
Bub Carrington,WAS,"$4,900,560"
Thomas Sorber,OKC,"$4,887,720"
Brice Sensabaugh,UTA,"$4,862,237"
Julian Strawther,DEN,"$4,826,931"
Bennett Stirtz,OKC,"$4,717,320"
Kel'el Ware,MIL,"$4,654,920"
Yang Hansen,POR,"$4,643,520"
Gui Santos,GSW,"$4,629,630"
Jose Alvarado,NYK,"$4,500,000"
Josh Minott,BRK,"$4,500,000"
Ebuka Okorie,DET,"$4,481,280"
Jared McCain,OKC,"$4,422,600"
Joan Beringer,MIN,"$4,411,200"
Christian Anderson Jr.,CHO,"$4,257,480"
Dalton Knecht,LAL,"$4,201,080"
Walter Clayton,MEM,"$4,190,520"
Allen Graves,TOR,"$4,065,720"
Nolan Traoré,BRK,"$4,002,000"
Ryan Rollins,MIL,"$4,000,000"
Daniss Jenkins,DET,"$4,000,000"
Tristan Da Silva,ORL,"$3,991,200"
Miles McBride,NYK,"$3,956,523"
Javonte Green,DET,"$3,943,679"
Jayden Quaintance,SAS,"$3,902,760"
DeAndre Jordan,NOP,"$3,876,529"
LeBron James,PHI,"$3,876,529"
Svi Mykhailiuk,UTA,"$3,850,000"
Kasparas Jakučionis,MIL,"$3,841,680"
Gary Harris,DET,"$3,815,861"
Taurean Prince,DET,"$3,815,861"
Pat Connaughton,CHO,"$3,815,861"
Ja'Kobe Walter,TOR,"$3,811,800"
Karim López,MEM,"$3,746,760"
Cole Anthony,MEM,"$3,700,000"
Will Riley,WAS,"$3,688,320"
Jaylon Tyson,CLE,"$3,658,560"
Labaron Philon Jr.,PHI,"$3,597,120"
Drake Powell,BRK,"$3,540,600"
Yves Missi,NOP,"$3,512,760"
Zuby Ejiofor,ATL,"$3,453,360"
Dominick Barlow,PHI,"$3,415,000"
Ariel Hukporti,PHI,"$3,400,000"
Asa Newell,ATL,"$3,399,480"
DaRon Holmes,DEN,"$3,372,120"
Cameron Carr,LAL,"$3,315,360"
Mo Bamba,UTA,"$3,286,399"
Lonnie Walker IV,DEN,"$3,286,399"
Nique Clifford,SAC,"$3,263,400"
AJ Johnson,NOP,"$3,237,120"
Sergio de Larrea,DAL,"$3,182,280"
Ron Harper Jr.,BOS,"$3,150,752"
Jase Richardson,ORL,"$3,132,360"
Kyshawn George,WAS,"$3,108,000"
Nassir Little,PHO,"$3,107,143"
Jaylen Clark,MIN,"$3,086,420"
Tarris Reed Jr.,SAS,"$3,076,920"
Ben Saraf,BRK,"$3,028,560"
Tarik Biberovic,DAL,"$3,000,000"
Kyle Filipowski,UTA,"$3,000,000"
Chris Cenac Jr.,BOS,"$2,988,120"
Pacôme Dadiet,NYK,"$2,983,680"
Joshua Jefferson,BRK,"$2,969,520"
Alex Karaban,SAC,"$2,948,280"
Danny Wolf,BRK,"$2,941,440"
Koa Peat,PHO,"$2,926,800"
Hugo González,BOS,"$2,923,560"
Liam McNeeley,CHO,"$2,902,080"
Yanic Konan Niederhäuser,LAC,"$2,880,960"
Ajay Mitchell,OKC,"$2,850,000"
Bones Hyland,MIN,"$2,845,883"
Terrence Shannon Jr.,MIN,"$2,801,640"
Micah Potter,POR,"$2,801,346"
Jericho Sims,MIL,"$2,801,346"
Luka Garza,BOS,"$2,801,346"
Ryan Dunn,PHO,"$2,784,240"
Isaiah Collier,UTA,"$2,763,960"
Baylor Scheierman,BOS,"$2,744,040"
Neemias Queta,BOS,"$2,667,944"
Justin Champagnie,WAS,"$2,667,944"
Vít Krejčí,POR,"$2,667,944"
Jay Huff,IND,"$2,667,944"
Christian Koloko,NOP,"$2,625,627"
JD Davison,ORL,"$2,625,627"
Caleb Houstan,NOP,"$2,625,627"
Kobe Sanders,LAC,"$2,622,139"
Jamaree Bouyea,PHO,"$2,584,539"
Jamal Cain,ORL,"$2,584,539"
Bryce McGowens,NOP,"$2,584,539"
Jabari Walker,PHI,"$2,584,539"
Dru Smith,MIA,"$2,584,539"
Pete Nance,MIL,"$2,537,526"
Oscar Tshiebwe,HOU,"$2,537,526"
Julian Phillips,HOU,"$2,537,526"
Andre Jackson Jr.,TOR,"$2,537,526"
Malaki Branham,ORL,"$2,537,526"
Olivier-Maxence Prosper,MEM,"$3,500,172"
Sidy Cissoko,POR,"$2,497,812"
Scotty Pippen Jr.,MEM,"$2,461,462"
Moussa Diabaté,CHO,"$2,461,462"
Jonathan Isaac,ORL,"$10,449,421"
Daeqwon Plowden,SAC,"$2,449,421"
Isaiah Crawford,HOU,"$2,449,421"
Anthony Gill,WAS,"$2,449,421"
Harrison Ingram,UTA,"$2,449,421"
Kyle Anderson,TOR,"$2,449,421"
Jordan McLaughlin,SAS,"$2,449,421"
Jeremy Sochan,POR,"$2,449,421"
Branden Carlson,POR,"$2,449,421"
Kentavious Caldwell-Pope,PHI,"$20,194,392"
Jevon Carter,ORL,"$2,449,421"
Nikola Vučević,ORL,"$2,449,421"
Andre Drummond,NYK,"$2,449,421"
Jordan Clarkson,NYK,"$2,449,421"
Kobe Bufkin,NOP,"$2,449,421"
Trey Lyles,MIN,"$2,449,421"
Nick Richards,MIA,"$2,449,421"
Simone Fontecchio,MIA,"$2,449,421"
Matisse Thybulle,LAL,"$2,449,421"
Ziaire Williams,LAL,"$2,449,421"
Kevon Looney,LAL,"$2,449,421"
Larry Nance Jr.,IND,"$2,449,421"
Jae'Sean Tate,HOU,"$2,449,421"
Bogdan Bogdanović,HOU,"$2,449,421"
Gary Payton II,GSW,"$2,449,421"
Charles Bassey,GSW,"$2,449,421"
DeMar DeRozan,DEN,"$2,449,421"
Marvin Bagley III,DEN,"$2,449,421"
Tyus Jones,DEN,"$2,449,421"
Mario Hezonja,CLE,"$2,449,421"
Thomas Bryant,CLE,"$2,449,421"
Mike Conley,BOS,"$2,449,421"
Haywood Highsmith,PHO,"$3,449,421"
Ben Simmons,SAC,"$2,449,421"
Dillon Jones,PHI,"$2,449,421"
Drew Eubanks,NYK,"$2,449,421"
James Wiseman,NYK,"$2,449,421"
Ochai Agbaji,NYK,"$2,449,421"
Bruce Brown,NYK,"$2,449,421"
Trendon Watford,NOP,"$2,449,421"
John Butler,MIL,"$2,449,421"
Yuki Kawamura,LAC,"$2,449,421"
Georges Niang,GSW,"$2,449,421"
Brandon Williams,GSW,"$2,449,421"
Devin Carter,BOS,"$7,607,501"
Cam Spencer,MEM,"$2,411,090"
Justin Edwards,PHI,"$2,411,090"
Tolu Smith,DET,"$2,411,090"
Nae'Qwan Tomlin,CLE,"$2,411,090"
Sion James,CHO,"$2,411,090"
Ryan Kalkbrenner,CHO,"$2,411,090"
Jordan Walsh,BOS,"$2,406,205"
Trayce Jackson-Davis,TOR,"$2,406,205"
GG Jackson II,MEM,"$2,406,205"
Craig Porter Jr.,CLE,"$2,406,205"
Leonard Miller,CHI,"$2,406,205"
Mouhamed Gueye,ATL,"$2,406,205"
Pelle Larsson,MIA,"$2,296,271"
Jamal Shead,TOR,"$2,296,271"
Tyler Kolek,NYK,"$2,296,271"
Karlo Matković,NOP,"$2,296,271"
Johnny Furphy,IND,"$2,296,271"
Jamison Battle,TOR,"$2,296,271"
Oso Ighodaro,PHO,"$2,296,271"
Adem Bona,PHI,"$2,296,271"
Jaylen Wells,MEM,"$2,296,271"
Bronny James,LAL,"$2,296,271"
Cam Christie,LAC,"$2,296,271"
Mohamed Diawara,NYK,"$2,232,143"
JaVale McGee,DAL,"$2,208,856"
Alijah Martin,TOR,"$2,185,116"
Moussa Cisse,DAL,"$2,185,116"
Taelon Peter,SAS,"$2,185,116"
Bez Mbeng,MIA,"$2,185,116"
Alex Toohey,GSW,"$2,185,116"
Rasheer Fleming,PHO,"$2,150,917"
Maxime Raynaud,SAC,"$2,150,917"
Noah Penda,ORL,"$2,150,917"
Micah Peavy,MEM,"$2,150,917"
Adou Thiero,LAL,"$2,150,917"
Johni Broome,LAC,"$2,150,917"
Will Richard,GSW,"$2,150,917"
Chaz Lanier,DET,"$2,150,917"
Tyrese Proctor,CLE,"$2,150,917"
Ryan Nembhard,CHO,"$2,150,917"
Myron Gardner,MIA,"$2,150,917"
John Konchar,MIN,"$2,055,000"
Cam Whitmore,CLE,"$1,819,437"
Baba Miller,LAC,"$1,705,630"
Isaiah Evans,MIN,"$1,357,763"
Bogoljub Markovic,MIL,"$1,357,763"
Meleek Thomas,CLE,"$1,357,763"
Emanuel Sharp,SAC,"$1,357,763"
Ryan Conwell,MIA,"$1,357,763"
Henri Veesaar,ATL,"$1,357,763"
Jaden Bradley,TOR,"$1,357,763"
Bruce Thornton,HOU,"$1,357,763"
Trevon Brazile,DEN,"$1,357,763"
Khalifa Diop,CLE,"$1,357,763"
Nate Bittle,TOR,"$1,357,763"
Tacko Fall,PHI,"$1,357,763"
Jameer Nelson Jr.,PHI,"$1,357,763"
Saint Thomas,PHI,"$1,357,763"
Christoph Tilly,OKC,"$1,357,763"
J'Vonne Hadley,MIA,"$1,357,763"
Keba Keita,IND,"$1,357,763"
Rienk Mast,IND,"$1,357,763"
Dalen Terry,GSW,"$1,357,763"
Tucker DeVries,BOS,"$1,357,763"
Milos Uzan,BOS,"$1,357,763"
Olivier-Maxence Prosper,DAL,"$3,500,172"
Haywood Highsmith,PHO,"$3,449,421"
E.J. Liddell,PHO,"$706,898"
Vasilije Micić,MIL,"$666,667"
Mamadi Diakite,MEM,"$464,050"
Ricky Rubio,CLE,"$424,672"
Didi Louzada,POR,"$268,032"
Taj Gibson,NOP,"$148,828"
